name,ratingValue,date,director,stars,metaScore,review_users,review_critcs,popularity,keywords,genres,contentRating,country,language,budget,opening_week,gross,runtime,color,asp
The Memory Thief (2007)            ,5.8 based on 212 user ratings,2007-04-14,Gil Kofman,"Mark Webber,Rachel Miner,Jerry Adler",NA,4 user,40 critic,NA,"tollbooth,holocaust,video-camera,interview,paperback",Drama,NA,USA,English,NA,NA,NA,95,Color,1.78:1
Transformers: Beginnings (2007)            ,6.1 based on 137 user ratings,2007-10-16,NA,NA,NA,3 user,NA,NA,"autobot,ironhide-the-character,idw-comics,megatron-the-character,starscream-the-character","Animation,Short,Action,Sci-Fi",NA,USA,English,NA,NA,NA,NA,Color,1.78:1
Hearts and Hotel Rooms (2007)            ,6.5 based on 107 user ratings,2007-05-04,NA,NA,NA,2 user,8 critic,NA,"flashback,hotel-room,gay-kiss,gay-character,gay-lead-character","Short,Drama,Romance",NA,USA,English,15000,NA,NA,NA,Color,1.78:1
Secrets (2007)            ,5.3 based on 432 user ratings,2007-02-07,Jeff Warden,"Bryan Fox,Lindsay Gareth,Casey Graf",NA,NA,1 critic,NA,"one-word-title,friendship,sink,hand-clapping-game,beer",Short,NA,USA,English,10000,NA,NA,NA,Color,NA
Cougar Club (2007)            ,"4.2 based on 3,080 user ratings",2007-11-13,NA,NA,NA,8 user,12 critic,NA,"girlfriend,masturbation,2000s,breast-fondling,cougar-as-older-woman",Comedy,"Rated R for pervasive crude and sexual content, nudity, language and brief drug use",USA,English,2500000,NA,NA,97,Color,1.85:1
Everything Will Be Ok (2006)            ,"8.1 based on 1,609 user ratings",2006-10-07,NA,NA,NA,9 user,7 critic,NA,"psychology,neurology,experimental-film,surrealism,dream","Animation,Short,Comedy,Drama,Fantasy",NA,USA,English,NA,NA,NA,NA,Color,1.33:1
I Think I Love My Wife (2007)            ,"5.5 based on 13,860 user ratings",2007-03-16,Chris Rock,"Chris Rock,Kerry Washington,Gina Torres",49,55 user,97 critic,NA,"sex,marriage,investment,investment-banker,banker","Comedy,Drama,Romance",Rated R for pervasive language and some sexual content,"USA,India",English,NA,5674802(USA),12550242,94,Color,1.85:1
The Princess of Nebraska (2007)            ,4.9 based on 276 user ratings,2008-10-17,Wayne Wang,"Li Ling,Brian Danforth,Minghua Tan",NA,3 user,18 critic,NA,"title-in-title,territory-name-in-title,state-name-in-title",Drama,NA,USA,"English,Mandarin",NA,NA,NA,77,Color,2.35:1
Gracie (2007)            ,"6.2 based on 3,622 user ratings",2007-06-01,Davis Guggenheim,"Carly Schroeder,Andrew Shue,Elisabeth Shue",52,27 user,65 critic,NA,"soccer,teenager,girl,boy,south-orange-new-jersey","Biography,Drama,Sport",Rated PG-13 for brief sexual content,USA,English,9000000,1355904(USA),2955039,NA,Color,2.35:1
American Pastime (2007)            ,6.7 based on 580 user ratings,2007-05-14,Desmond Nakano,"Aaron Yoo,Olesya Rulin,Carlton Bluford",NA,10 user,6 critic,NA,"1940s,internment-camp,haircut,loss-of-son,topaz-relocation-center-utah","Drama,Romance,Sport",NA,USA,English,NA,NA,NA,NA,Color,1.85:1
Shadow Puppets (2007)            ,"4.9 based on 2,014 user ratings",2007-04-16,Michael Winnick,"James Marsters,Tony Todd,Marc Winnick",NA,26 user,21 critic,NA,"shadow,underwear,smoke-monster,nipples-visible-through-clothing,white-panties","Horror,Thriller",NA,"USA,Canada",English,2000000,NA,NA,103,Color,NA
Wicked Little Things (2006)            ,"5.1 based on 6,982 user ratings",2006-11-17,NA,NA,NA,92 user,52 critic,NA,"explosion,zombie,black-eyed-child,haunting,triple-teen-murder","Drama,Fantasy,Horror","Rated R for strong horror violence and gore, language, and some teen drug and alcohol use",USA,English,NA,NA,NA,94,Color,1.85:1
Cthulhu (2007)            ,"4.7 based on 1,516 user ratings",2007-06-14,Dan Gildark,"Jason Cottle,Casey Curran,Ethan Atkinson",41,53 user,26 critic,NA,"cult,drugged,wheelchair,injection,syringe","Drama,Horror,Thriller","Rated R for language, some sexuality, nudity and violence",USA,English,750000,1438(USA),15213,100,Color,1.78:1
Finder's Fee (2001)            ,"6.5 based on 1,891 user ratings",2001-06-19,Jeff Probst,"Erik Palladino,Ryan Reynolds,Dash Mihok",NA,26 user,8 critic,NA,"lottery,lottery-ticket,poker,punctuation-in-title,apostrophe-in-title","Drama,Thriller",Rated R for language,"Canada,USA",English,NA,NA,NA,100,Color,1.85:1
The Story of Stuff (2007)            ,7.6 based on 239 user ratings,2007-12-04,Louis Fox,NA,NA,NA,NA,NA,"consumption,stuff,economy,material,sustainable","Animation,Short",NA,USA,English,NA,NA,NA,21,Color,NA
Undead or Alive: A Zombedy (2007)            ,"5.3 based on 1,800 user ratings",2007-03-10,Glasgow Phillips,"Lew Alexander,Todd Anderson,Richard Barela",NA,31 user,41 critic,NA,"geronimo,perseverance,arrow-through-the-head,leg-splint,bare-chested-male-bondage","Comedy,Horror,Western","Rated R for zombie violence and gore, language and brief nudity",USA,English,NA,NA,NA,91,Color,2.35:1
The Tripper (2006)            ,"5.1 based on 5,277 user ratings",2006-10-13,David Arquette,"Jaime King,Thomas Jane,Lukas Haas",NA,48 user,73 critic,NA,"festival,van,lumberjack,chainsaw,blood-splatter","Comedy,Horror","Rated R for strong horror violence and gore, drug content, language and some sexuality/nudity",USA,English,NA,20840(USA),20840,NA,Color,1.85:1
How to Deal (2003)            ,"5.7 based on 8,206 user ratings",2003-07-18,Clare Kilner,"Mandy Moore,Trent Ford,Dylan Baker",45,95 user,46 critic,NA,"mother,sister,high-school,wedding,best-friend","Comedy,Drama,Romance","Rated PG-13 for sexual content, drug material, language and some thematic elements",USA,English,16000000,5809960(USA),14108518,NA,Color,1.85:1
American Zombie (2007)            ,"5.1 based on 1,048 user ratings",2008-03-28,Grace Lee,"Austin Basis,Jane Edith Wilson,Al Vicente",NA,16 user,27 critic,NA,"mockumentary,zombie","Comedy,Drama,Horror",NA,"USA,South Korea",English,1000000,NA,NA,90,Color,NA
Socket (2007)            ,4.1 based on 457 user ratings,2007-07-14,Sean Abley,"Derek Long,Matthew Montgomery,Alexandra Billings",NA,9 user,16 critic,NA,"male-full-frontal-nudity,lightning,hospital,struck-by-lightning,doctor","Drama,Romance,Sci-Fi,Thriller",NA,USA,English,NA,NA,NA,93,Color,1.78:1
Knock Knock (2007)            ,3.1 based on 664 user ratings,2008-04-29,Joseph Ariola,"Nicole Abisinio,Joli Julianna,Matt Fraley",NA,29 user,21 critic,NA,"blood,female-in-shower,female-removes-her-clothes,pink-bra-and-panties,female-frontal-nudity",Horror,NA,USA,English,1200000,NA,NA,NA,Color,NA
Shake Hands with the Devil (2007)            ,"7.8 based on 2,729 user ratings",2007-09-28,Roger Spottiswoode,"Roy Dupuis,Owen Sejake,James Gallanders",57,18 user,21 critic,NA,"united-nations,genocide,rwanda,based-on-memoir,based-on-autobiography","Drama,History,War",Rated R for some disturbing violent images and brief strong language,Canada,English,CAD 11000000,NA,NA,112,Color,2.35:1
High School Musical: The Concert - Extreme Access Pass (2007)            ,4.7 based on 146 user ratings,2007-06-26,James Yukich,"Corbin Bleu,Monique Coleman,Lucas Grabeel",NA,1 user,1 critic,NA,NA,"Family,Music",NA,USA,English,NA,NA,NA,NA,Color,1.78:1
Descent (2007)            ,"4.8 based on 2,554 user ratings",2007-04-26,Talia Lugacy,"Rosario Dawson,Chad Faust,Marcus Patrick",45,39 user,30 critic,NA,"male-pubic-hair,male-nudity,male-rape,male-frontal-nudity,sexual-humiliation","Drama,Thriller","Rated R for brutal rape, language, some sexual content and drug use",USA,"English,Spanish",NA,8411(USA),13361,104,Color,1.85:1
American Grindhouse (2010)            ,"7.1 based on 1,757 user ratings",2010-03-13,Elijah Drenner,"Robert Forster,Eric Schaefer,Eddie Muller",NA,16 user,30 critic,NA,"1970s,exploitation-film,two-word-title,20th-century,19th-century",Documentary,NA,USA,English,NA,986(USA),4584,80,Color,1.78:1
The Chubbchubbs Save Xmas (2007)            ,5.8 based on 320 user ratings,2007-08-08,NA,NA,NA,2 user,1 critic,NA,"santa-claus,snowman,christmas,character-name-in-title","Animation,Short,Comedy",Rated PG for mild rude humor,USA,English,NA,NA,NA,NA,Color,NA
Super High Me (2007)            ,"6.1 based on 11,498 user ratings",2008-04-20,NA,NA,NA,32 user,17 critic,NA,"marijuana,stand-up,stand-up-comedian,comedian,pot","Documentary,Comedy",Rated R for pervasive drug content and language,USA,English,600000,NA,NA,NA,Color,1.78:1
Ping Pong Playa (2007)            ,"6.0 based on 2,685 user ratings",2008-09-05,Jessica Yu,"Jimmy Tsai,Andrew Vo,Khary Payton",55,17 user,37 critic,NA,"ping-pong,asian-american","Comedy,Sport","Rated PG-13 for language, including some sexual remarks and drug references",USA,English,NA,30797(USA),77827,96,Color,1.85:1
Heartland (2007)            ,5.3 based on 314 user ratings,2007-05-27,NA,NA,NA,2 user,1 critic,NA,"iowa,family-farm,gay,father,farm","Short,Drama",NA,USA,English,NA,NA,NA,12,Color,NA
Ultimate Avengers (2006)            ,"6.8 based on 9,973 user ratings",2006-02-21,"Curt Geda,Steven E. Gordon","Justin Gross,Grey Griffin,Michael Massee",NA,70 user,41 critic,NA,"captain,avenger,alien,muscle-growth,radical-transformation","Animation,Action,Adventure,Sci-Fi",Rated PG-13 for action violence,USA,"Spanish,English",NA,NA,NA,72,Color,1.78:1
Finn's Girl (2007)            ,5.3 based on 220 user ratings,2007-06-04,"Dominique Cardona,Laurie Colbert","Brooke Johnson,Yanna McIntosh,Maya Ritter",NA,2 user,9 critic,NA,"abortion,abortion-clinic,topless-woman,single-parent,single-mother","Drama,Romance",NA,Canada,English,NA,NA,NA,NA,Color,NA
Payback: Straight Up (2006)            ,"7.7 based on 3,971 user ratings",2007-04-10,NA,NA,NA,18 user,15 critic,NA,"revenge,hit-with-a-door,shot-through-a-pillow,black-and-white-scene,ambiguous-ending","Action,Crime,Drama,Thriller",NA,USA,English,50000000,NA,NA,90,Color,2.35:1
Welcome (2007)            ,5.8 based on 175 user ratings,2007-10-05,NA,NA,NA,1 user,NA,NA,NA,"Short,Drama",NA,USA,English,NA,NA,NA,16,Color,NA
Puccini for Beginners (2006)            ,"6.1 based on 2,063 user ratings",2007-02-07,Maria Maggenti,"Ken Barnett,Julianne Nicholson,Brian Letscher",54,15 user,36 critic,NA,"love,manhattan-new-york-city,bisexual,woman-woman-relationship,girlfriend-girlfriend-relationship","Comedy,Romance",NA,USA,English,NA,13380(USA),89417,82,Color,1.85:1
The Hoax (2006)            ,"6.7 based on 14,575 user ratings",2007-04-20,Lasse Hallström,"Richard Gere,Alfred Molina,David Aaron Baker",70,74 user,142 critic,NA,"book,manuscript,fake,fabrication,hoax","Comedy,Drama",Rated R for language,USA,English,25000000,1449320(USA),7156933,116,Color,1.85:1
Until Death (2007)            ,"6.0 based on 7,910 user ratings",2007-06-20,Simon Fellows,"Jean-Claude Van Damme,Stephen Rea,Selina Giles",NA,53 user,30 critic,NA,"coma,drug,heroin,dirty-cop,partner","Action,Crime,Drama,Thriller","Rated R for strong violence, language, sexuality/nudity and drug content","UK,Bulgaria,Germany,USA",English,15000000,NA,NA,101,Color,2.35:1
Blackout (2008)            ,"5.1 based on 3,092 user ratings",2008-05-29,NA,NA,NA,30 user,23 critic,NA,"elevator,blackout,girlfriend,serial-killer,psychopath","Horror,Mystery,Thriller","Rated R for sadistic bloody violence including a rape, nudity and language",USA,English,NA,NA,NA,120,Color,2.35:1
100 Tears (2007)            ,"4.1 based on 1,147 user ratings",2007-06-23,NA,NA,NA,20 user,21 critic,NA,"circus-performer,serial-killer,circus,father-daughter-kill-team,killer-clown",Horror,Rated NC-17 for extreme horror violence,USA,English,75000,NA,NA,90,Color,NA
Farce of the Penguins (2006)            ,"4.2 based on 4,318 user ratings",2007-02-22,NA,NA,NA,47 user,19 critic,NA,"penguin,spoof,south-pole,march,flatulence","Animation,Comedy",Rated R for pervasive crude sexual content and language,USA,English,NA,NA,NA,80,Color,1.85:1
Are We Done Yet? (2007)            ,"4.0 based on 15,589 user ratings",2007-04-04,Steve Carr,"Ice Cube,Nia Long,John C. McGinley",36,58 user,65 critic,NA,"moving-in,renovation,contractor,playstation-portable,four-word-title","Comedy,Drama,Family,Fantasy",Rated PG for some innuendos and brief language,"Canada,USA",English,NA,14262724(USA),49631958,92,Color,1.85:1
AmericanEast (2008)            ,6.5 based on 228 user ratings,2008-11-14,NA,NA,NA,4 user,NA,NA,NA,Drama,"Rated R for language, including some sexual references, and brief drug use",USA,English,2500000,NA,NA,NA,Color,NA
Boat (2007)            ,6.0 based on 767 user ratings,2007-01-30,NA,NA,NA,7 user,1 critic,NA,"surrealism,experimental-film,avant-garde",Short,NA,USA,English,NA,NA,NA,NA,Color,NA
Ocean Voyagers (2007)            ,5.8 based on 29 user ratings,2007-12-17,"Joe Kennedy,Feodor Pitcairn",NA,NA,NA,1 critic,NA,NA,Documentary,NA,USA,English,NA,NA,NA,50,Color,1.78:1/(highdefinition)
Fido (2006)            ,"6.8 based on 25,037 user ratings",2007-03-16,Andrew Currie,"Kesun Loder,Billy Connolly,Carrie-Anne Moss",70,98 user,140 critic,NA,"zombie,next-door-neighbor,neighborhood,neighbor,decapitation","Comedy,Drama,Horror,Sci-Fi",Rated R for zombie-related violence,Canada,English,8000000,10203(USA),298110,93, Black and White,2.35:1
Manufacturing Dissent (2007)            ,"5.7 based on 1,953 user ratings",2007-10-19,"Rick Caine,Debbie Melnyk","Michael Moore,Debbie Melnyk,Rick Caine",NA,34 user,33 critic,NA,"documentary-filmmaker,spoof-title",Documentary,Rated R for some language,Canada,English,NA,NA,NA,97,Color,NA
Just (2007)            ,6.1 based on 55 user ratings,2007-12-02,NA,NA,NA,NA,NA,NA,"hook-up,infidelity,boyfriend,shorts,underwear","Short,Drama",NA,USA,English,NA,NA,NA,NA,Color,1.33:1
White Light/Black Rain: The Destruction of Hiroshima and Nagasaki (2007)            ,"8.4 based on 1,359 user ratings",2007-08-06,NA,NA,NA,10 user,7 critic,NA,"nuclear-war,atomic-bomb,atomic-weapon,world-war-two,nagasaki-japan",Documentary,NA,USA,"English,Japanese,Korean",NA,NA,NA,NA,Color,NA
Finishing the Game: The Search for a New Bruce Lee (2007)            ,"6.2 based on 1,655 user ratings",2007-01-21,Justin Lin,"Roger Fan,Dustin Nguyen,Sung Kang",46,12 user,35 critic,NA,"bruce-lee,karate,satire,spoof,jeet-kune-do",Comedy,NA,USA,English,500000,11903(USA),52850,84,Color,1.85:1
What Would Jesus Buy? (2007)            ,"6.4 based on 1,080 user ratings",2007-11-16,Rob VanAlkemade,"Adetola Abiade,Paul Allen,Paul Norman Allen",60,20 user,40 critic,NA,"consumerism,christmas,new-york-city,sweatshop,shopping","Documentary,Comedy",Rated PG for thematic material and brief mild language,USA,English,2000000,9527(USA),196990,91,Color,1.85:1
This Christmas (2007)            ,"6.1 based on 6,519 user ratings",2007-11-21,Preston A. Whitmore II,"Regina King,Columbus Short,Delroy Lindo",63,32 user,37 critic,NA,"family-home,musician,christmas,secret,piano","Comedy,Drama,Romance",Rated PG-13 for comic sexual content and some violence,USA,English,13000000,17958183(USA),49121934,NA,Color,2.35:1
What We Do Is Secret (2007)            ,"6.6 based on 1,546 user ratings",2008-08-08,Rodger Grossman,"Shane West,Rick Gonzalez,Bijou Phillips",54,24 user,42 critic,NA,"punk,punk-rock,1970s,suicide,punk-rocker","Biography,Drama,Music","Rated R for drug use, language and brief sexuality",USA,English,NA,5888(USA),58776,NA, Black and White,1.85:1
China: The Panda Adventure (2001)            ,6.1 based on 162 user ratings,2001-06-09,NA,NA,49,5 user,9 critic,NA,"panda,china,great-white-hunter,country-name-in-title,imax",Drama,NA,USA,English,NA,28268(USA),3708478,48,Color,1.44:1
Shrooms (2007)            ,"4.8 based on 13,818 user ratings",2007-11-23,Paddy Breathnach,"Lindsey Haun,Jack Huston,Max Kasch",NA,115 user,92 critic,NA,"woods,mushroom,drugs,camping,axe-murder","Comedy,Horror,Mystery,Thriller",NA,"Ireland,UK,Denmark",English,NA,£313758(UK),1849,84,Color,2.35:1
Full of It (2007)            ,"5.7 based on 2,978 user ratings",2008-06-13,Christian Charles,"Ryan Pinkston,Kate Mara,Teri Polo",33,5 user,21 critic,NA,"dog,teacher-student-relationship,female-teacher,father-son-relationship,fantasy-becomes-reality","Drama,Comedy","Rated PG-13 for sexual content, drug references, teen partying and crude humor","USA,South Africa,Italy",English,NA,11431(USA),11431,93,Color,1.85:1
Mama's Boy (2007)            ,"5.3 based on 4,980 user ratings",2007-12-14,Tim Hamilton,"Diane Keaton,Jon Heder,Jeff Daniels",NA,25 user,22 critic,NA,"motivational-speaker,woman-with-glasses,mother%27s-boyfriend,adult-lives-at-home,widow","Comedy,Drama","Rated PG-13 for language including sexual references, and some drug use",USA,English,15000000,NA,NA,94,Color,1.85:1
Two Weeks (2006)            ,"6.6 based on 1,565 user ratings",2006-10-20,Steve Stockman,"Sally Field,Ben Chaplin,Julianne Nicholson",44,17 user,36 critic,NA,"mother,dying,family-relationships,loss-of-mother,sunglasses","Comedy,Drama","Rated R for language, including some sexual references",USA,English,2400000,25829(USA),45816,102,Color,NA
Boot Camp (2008)            ,"5.9 based on 7,309 user ratings",2008-05-08,Christian Duguay,"Mila Kunis,Gregory Smith,Peter Stormare",NA,53 user,24 critic,NA,"kicked-in-the-balls,death,doctor,island,boot-camp","Drama,Thriller",NA,"Canada,USA",English,14000000,NA,NA,99,Color,1.85:1
Love and Other Disasters (2006)            ,"6.3 based on 11,647 user ratings",2007-04-25,Alek Keshishian,"Brittany Murphy,Matthew Rhys,Catherine Tate",NA,37 user,21 critic,NA,"love,photographer,intern,sexual-attraction,mini-skirt","Comedy,Romance","Rated R for language, including sexual references","France,UK",English,NA,NA,NA,90,Color,1.85:1
Half Past Dead 2 (2007)            ,"4.5 based on 1,639 user ratings",2007-06-12,NA,NA,NA,11 user,12 critic,NA,"sequel,bandanna,brutality,pistol,punched-in-the-face","Action,Crime",Rated R for violence and language,USA,English,1500000,NA,NA,92,Color,1.78:1
Half Past Dead 2 (2007)            ,"4.5 based on 1,639 user ratings",2007-06-12,NA,NA,NA,11 user,12 critic,NA,"sequel,bandanna,brutality,pistol,punched-in-the-face","Action,Crime",Rated R for violence and language,USA,English,1500000,NA,NA,92,Color,1.78:1
Rise: Blood Hunter (2007)            ,"4.9 based on 10,277 user ratings",2007-07-06,Sebastian Gutierrez,"Lucy Liu,Michael Chiklis,Carla Gugino",NA,90 user,75 critic,NA,"reporter,morgue,revenge,goth,blood","Action,Horror,Mystery,Thriller","Rated R for strong horror violence and gore, sexuality, nudity, language, and brief drug use",USA,English,NA,59371(USA),106398,97,Color,1.85:1
The Last Legion (2007)            ,"5.4 based on 29,251 user ratings",2007-08-17,Doug Lefler,"Colin Firth,Ben Kingsley,Aishwarya Rai Bachchan",37,174 user,90 critic,2,"roman-legion,5th-century,capri,soldier,boy","Action,Adventure,Fantasy,War",Rated PG-13 for sequences of intense action violence,"UK,Italy,France,Tunisia",English,35000000,2746312(USA),5932060,102,Color,2.35:1
Chris & Don. A Love Story (2007)            ,7.4 based on 657 user ratings,2008-06-13,"Tina Mascara,Guido Santi","W.H. Auden,Don Bachardy,Ted Bachardy",81,13 user,47 critic,NA,"artist,gay,friend,writer,partner","Documentary,Biography,Romance",NA,USA,English,NA,10337(USA),212814,NA,Color,1.78:1
Earthlings (2005)            ,"8.7 based on 12,609 user ratings",2005-09-24,NA,NA,NA,85 user,11 critic,NA,"hidden-camera,killing-a-dog,laboratory,monkey,dog",Documentary,NA,USA,English,NA,NA,NA,NA, Black and White,4x1.33:1
Darfur Now (2007)            ,7.0 based on 646 user ratings,2007-11-02,Ted Braun,"Don Cheadle,Ahmed Mahammed Abaka,Sheikh Ahmed Mohamad Abakar",66,6 user,44 critic,NA,"darfur,humanitarian,sudan,united-nations,refugee",Documentary,Rated PG for thematic material involving crimes against humanity,USA,"Fur,Arabic,English,Spanish",NA,32525(USA),107841,98,Color,1.85:1
The Perfect Holiday (2007)            ,"4.3 based on 2,444 user ratings",2007-12-12,Lance Rivera,"Gabrielle Union,Morris Chestnut,Queen Latifah",32,22 user,32 critic,NA,"love,wish,little-girl,mall-santa,christmas","Comedy,Family,Fantasy,Romance",Rated PG for brief language and some suggestive humor,USA,English,20000000,2283360(USA),5809663,NA,Color,1.85:1
Haunted Forest (2007)            ,"3.7 based on 1,318 user ratings",2007-06-26,NA,NA,NA,23 user,22 critic,NA,"nightmare,evil-spirit,woodsman,tree-spirit,hung-by-wrists",Horror,"Rated R for violence, language and some drug use",USA,English,100000,NA,NA,NA,Color,NA
The Neighbor (2007)            ,4.9 based on 960 user ratings,2008-11-28,Eddie O'Flaherty,"Matthew Modine,Michèle Laroque,Katie Walder",NA,6 user,3 critic,NA,NA,"Comedy,Romance",Rated PG-13 for brief strong language,USA,English,NA,NA,NA,98,Color,1.85:1
Catacombs (2007)            ,"4.6 based on 7,059 user ratings",2007-07-06,"Tomm Coker,David Elliot","Shannyn Sossamon,Pink,Emil Hostina",NA,88 user,52 critic,NA,"tunnel,party,catacombs,rape,claustrophobia","Horror,Thriller","Rated R for strong violence, terror and disturbing images, language, some nudity and drug content",USA,"English,French",NA,NA,NA,92,Color,NA
Hannah Takes the Stairs (2007)            ,"5.6 based on 1,283 user ratings",2007-08-22,Joe Swanberg,"Greta Gerwig,Kent Osborne,Andrew Bujalski",63,21 user,41 critic,NA,"writer,office,friendship,female-protagonist,sexual-attraction","Comedy,Drama,Romance",NA,USA,English,NA,5901(USA),22509,NA,Color,1.66:1
The Return (2006)            ,"4.8 based on 10,062 user ratings",2006-11-10,NA,NA,38,125 user,103 critic,NA,"murder,nightmare,friend,fight,memory","Horror,Mystery,Thriller","Rated PG-13 for violence, terror and disturbing images",USA,English,15000000,4479621(USA),7744785,85,Color,2.35:1
Blonde Ambition (2007)            ,"3.9 based on 4,995 user ratings",2008-01-10,Scott Marshall,"Jessica Simpson,Luke Wilson,Rachael Leigh Cook",NA,34 user,20 critic,NA,"business,female-protagonist,confidence,career,boss","Comedy,Romance",Rated PG-13 for some sexual material,USA,"English,Norwegian",10000000,1771(USA),5561,93,Color,1.85:1
A Clown's Love Story (1907)            ,NA,1907-12-21,NA,NA,NA,NA,NA,NA,NA,Short,NA,USA,English,NA,NA,NA,NA, Black and White,1.33:1
The Comebacks (2007)            ,"4.2 based on 9,952 user ratings",2007-10-19,Tom Brady,"David Koechner,Robert Ri'chard,Carl Weathers",25,41 user,47 critic,NA,"coach,football,championship,sports-team,quarterback","Comedy,Sport",Rated PG-13 on appeal for crude and sexual content throughout and some drug material,USA,English,NA,5554594(USA),13349251,107,Color,1.85:1
The Contractor (2007)            ,"5.5 based on 6,591 user ratings",2007-07-10,Josef Rusnak,"Wesley Snipes,Eliza Bennett,Lena Headey",NA,35 user,20 critic,NA,"terrorist,girl,london-england,marksman,framed","Action,Drama,Thriller",Rated R for violence and language,"Bulgaria,UK,USA",English,18000000,NA,NA,NA,NA,1.85:1
The Wizard of Gore (2007)            ,"5.0 based on 2,366 user ratings",2007-06-22,NA,NA,NA,38 user,42 critic,NA,"stage,stage-magician,dead-woman-with-eyes-open,horror-movie-remake,nudity","Horror,Mystery","Rated R for bloody violence, sexuality/nudity and language",USA,English,NA,NA,NA,94,Color,1.85:1
Bella (2006)            ,"7.4 based on 9,602 user ratings",2007-11-30,Alejandro Monteverde,"Eduardo Verástegui,Tammy Blanchard,Manny Perez",47,174 user,60 critic,NA,"soccer,restaurant,inter-cultural,latino,train","Drama,Romance",Rated PG-13 for thematic elements and brief disturbing images,"USA,Mexico","English,Spanish",3300000,1328448(USA),8108247,91,Color,1.85:1
Christmas Is Here Again (2007)            ,5.3 based on 219 user ratings,2007-10-19,NA,NA,NA,8 user,8 critic,NA,"girl,orphan,reindeer,elf,christmas","Animation,Adventure,Comedy,Family,Musical",NA,USA,English,1000000,NA,NA,NA,Color,1.85:1
American Loser (2007)            ,"5.7 based on 2,240 user ratings",2008-09-09,Tod Harrison Williams,"Seann William Scott,Gretchen Mol,Deirdre O'Connell",NA,8 user,7 critic,NA,"bare-chested-male,sex-scene,learning-disability,jobless,loss-of-job","Comedy,Drama",Rated R for language and some sexual content,USA,English,NA,NA,NA,94,Color,1.85:1
Brooklyn Rules (2007)            ,"6.4 based on 5,047 user ratings",2009-05-28,Michael Corrente,"Paulo Araujo,Daniel Tay,Ty Thomas Reed",53,48 user,41 critic,NA,"friend,mafia,1980s,loyalty,friendship","Crime,Drama","Rated R for violence, pervasive language and some sexual content",USA,English,8000000,41811(USA),398420,99,Color,2.35:1
Gay Zombie (2007)            ,4.7 based on 160 user ratings,2007-05-10,NA,NA,NA,1 user,3 critic,NA,"zombie,undead,psychotherapy,gay-lead-character,gay-interest","Short,Comedy,Horror",NA,USA,English,23000,NA,NA,NA,Color,1.85:1
Night of the Living Dead 3D (2006)            ,"3.1 based on 2,908 user ratings",2006-11-10,Jeff Broadstreet,"Brianna Brown,Joshua DesRoches,Sid Haig",NA,62 user,45 critic,NA,"zombie-apocalypse,3d-in-title,remake,numbered-sequel,digit-in-title",Horror,"Rated R for horror violence and gore, language, sexual content, nudity and drug use",USA,English,750000,NA,NA,80,Color,1.85:1
Rogue (2007)            ,"6.2 based on 21,365 user ratings",2007-11-08,"John Blush,Greg McLean","Michael Vartan,Radha Mitchell,Sam Worthington",NA,110 user,121 critic,NA,"wildlife,travel,crocodile,island,water","Action,Adventure,Horror,Sci-Fi,Thriller",Rated R for language and some creature violence,"Australia,USA,UK",English,AUD 26900000,7711(USA),7711,99,Color,1.85:1
Save Me (2007)            ,"6.8 based on 1,808 user ratings",2009-10-15,NA,NA,56,25 user,20 critic,NA,"gay,drugs,sex,conversion-therapy,minister",Drama,NA,USA,English,NA,6992(USA),82369,NA,Color,2.35:1
Polarbearman (2008)            ,8.3 based on 242 user ratings,2008-03-29,"Big T.V.,Monty Whitebloom",NA,NA,1 user,NA,NA,NA,"Short,Drama",NA,UK,English,35000,NA,NA,NA,Color,NA
Simon Says (2006)            ,"4.3 based on 2,727 user ratings",2006-09-24,NA,NA,NA,37 user,45 critic,NA,"night,chased-in-the-woods,severed-head,tied-to-a-tree,table","Horror,Thriller","Rated R for bloody horror violence and gore, drug use, language and brief sexuality/nudity",USA,English,3000000,NA,NA,NA,Color,1.78:1
Redline (2007)            ,"3.9 based on 7,887 user ratings",2007-04-13,Andy Cheng,"Nathan Phillips,Nadia Bjorlin,Eddie Griffin",24,100 user,29 critic,NA,"ferrari,porsche,lamborghini,one-word-title,color-in-title",Action,"Rated PG-13 for violence, illegal and reckless behavior, sexual content, language and drug references",USA,English,26000000,3962385(USA),6877133,NA,Color,2.35:1
The Alphabet (1968)            ,"6.8 based on 5,029 user ratings",2007-02-03,NA,NA,NA,28 user,7 critic,NA,"nightmare,writer-director,inspired-by-dream,children%27s-music,surrealism","Animation,Short,Fantasy,Horror",NA,USA,English,NA,NA,NA,4, Black and White,1.37:1
The Family Holiday (2007)            ,6.0 based on 325 user ratings,2007-12-04,NA,NA,NA,4 user,1 critic,NA,"con-man,christmas","Comedy,Family",NA,USA,English,1000000,NA,NA,94,Color,1.78:1
Bugs! (2003)            ,6.9 based on 300 user ratings,2003-10-03,Mike Slee,NA,61,5 user,12 critic,NA,"insect,praying-mantis,butterfly,punctuation-in-title,one-word-title","Short,Documentary",NA,UK,English,NA,NA,NA,40,Color,1.44:1
Affinity (2008)            ,5.7 based on 40 user ratings,2008-04-12,NA,NA,NA,NA,1 critic,NA,"love,secret,double-life,love-triangle,gay-relationship","Short,Drama,Romance",NA,USA,English,500,NA,NA,NA,Color,1.85:1
Ladrón que roba a ladrón (2007)            ,"6.8 based on 1,606 user ratings",2007-08-31,NA,NA,61,15 user,27 critic,NA,"immigrant,infomercial,vault,plan,nanny","Action,Adventure,Comedy,Crime",NA,USA,Spanish,1200000,2032967(USA),4002313,NA,Color,1.85:1
Yeti: A Love Story (2006)            ,4.0 based on 206 user ratings,2008-09-30,NA,NA,NA,3 user,4 critic,NA,"yeti,cult,camping,lesbian,hand-job","Comedy,Horror,Romance",NA,USA,English,200,NA,NA,70,Color,NA
Dark Ride (2006)            ,"4.7 based on 5,139 user ratings",2006-10-20,NA,NA,NA,92 user,49 critic,NA,"road-trip,amusement-park,psychopath,teenage-girl,high-school","Horror,Thriller","Rated R for strong grisly horror violence and gore, sexuality, nudity, language and some drug content",USA,English,NA,NA,NA,94,Color,1.85:1
The Touch (2007)            ,5.4 based on 114 user ratings,2007-11-10,NA,NA,NA,NA,NA,NA,"lesbian,paris-france,period-piece,poetess,poem","Short,Romance",NA,USA,English,13000,NA,NA,NA,Color,1.85:1
Run to Me (2007)            ,4.9 based on 34 user ratings,2007-06-15,Randy Caspersen,"Jack Bisbee,Jeremy Myers",NA,NA,NA,NA,"letter,running,shoes,backpack,gay-lead-character","Short,Romance",NA,USA,English,NA,NA,NA,NA,Color,1.33:1
Missionary Man (2007)            ,"5.2 based on 1,937 user ratings",2007-11-29,Dolph Lundgren,"Dolph Lundgren,Kateri Walker,Chelsea Ricketts",NA,31 user,31 critic,NA,"small-town,bible,biker,casino,motorcycle","Action,Drama,Thriller,Western",Rated R for strong violence and language,USA,English,2000000,NA,NA,93,Color,1.85:1
Decoys 2: Alien Seduction (2007)            ,"4.7 based on 1,919 user ratings",2007-03-06,Jeffery Scott Lando,"Corey Sevier,Tyler Johnston,Kailin See",NA,20 user,19 critic,NA,"bloody-mary-the-drink,number-2-in-title,four-word-title,digit-in-title,colon-in-title","Horror,Sci-Fi,Thriller",Rated R for some sexual content including nudity,Canada,English,CAD 2000000,NA,NA,NA,Color,1.85:1
Mummies: Secrets of the Pharaohs (2007)            ,6.5 based on 235 user ratings,2007-05-25,Keith Melton,"Elana Drago,William Hope,Nasser Memarzia",NA,7 user,16 critic,NA,"mummy,gold,deoxyribonucleic-acid,pharaoh,egypt","Documentary,Biography,Drama,Family",NA,USA,English,4000000,NA,NA,39,Color,1.44:1
"Welcome Home, Roscoe Jenkins (2008)            ","5.3 based on 10,770 user ratings",2008-02-08,Malcolm D. Lee,"Martin Lawrence,Louis C.K.,James Earl Jones",46,39 user,76 critic,NA,"talk-show-host,african-american-protagonist,comma-in-title,name-in-title,four-word-title","Comedy,Drama,Romance","Rated PG-13 for crude and sexual content, language and some drug references",USA,English,35000000,16207730(USA),42168445,NA,Color,1.85:1
Southland Tales (2006)            ,"5.5 based on 32,653 user ratings",2007-12-07,Richard Kelly,"Dwayne Johnson,Sarah Michelle Gellar,Seann William Scott",44,238 user,173 critic,NA,"police,amnesia,boxer,porn-star,conspiracy","Comedy,Mystery,Sci-Fi,Thriller","Rated R for language, violence, sexual material and some drug content","France,Germany,USA",English,17000000,123428(USA),273420,145,Color,2.35:1
Yeah No Definitely (2007)            ,4.9 based on 131 user ratings,2007-07-15,Dave Snyder,"Vincent Piazza,Alan Barnes Netherton,Alejandra Ambrosi",NA,1 user,2 critic,NA,"summer,party,weeping,homosexual-subtext,gay-crush","Short,Drama",NA,USA,English,30000,NA,NA,14,Color,1.85:1
Unearthed (2007)            ,"4.0 based on 3,172 user ratings",2007-04-27,Matthew Leutwyler,"Emmanuelle Vaugier,Luke Goss,Beau Garrett",NA,45 user,43 critic,NA,"alien,creature,stranded,cow,sheriff","Horror,Mystery,Sci-Fi,Thriller",Rated R for violence/gore and language,USA,English,NA,NA,NA,93,Color,2.35:1
Marilyn Hotchkiss' Ballroom Dancing & Charm School (2005)            ,"6.7 based on 2,260 user ratings",2006-01-12,Randall Miller,"Robert Carlyle,Marisa Tomei,Mary Steenburgen",40,53 user,39 critic,NA,"dance,therapy,black-eye,baker,appointment","Comedy,Drama,Musical,Romance",Rated PG-13 for mature situations and language,USA,English,2500000,92668(USA),247141,NA,Color,2.35:1
Creepshow 3 (2006)            ,"3.0 based on 3,499 user ratings",2007-11-21,NA,NA,NA,77 user,92 critic,NA,"radio,professor,anthology,prostitute,security-guard","Horror,Thriller","Rated R for bloody horror violence and gore, language, some drug use and sexual material",USA,"English,Spanish",NA,NA,NA,NA,Color,1.85:1
Day Zero (2007)            ,"6.0 based on 2,556 user ratings",2007-04-29,Bryan Gunnar Cole,"Elijah Wood,Chris Klein,Jon Bernthal",41,23 user,35 critic,NA,"duty,friend,honor,courage,love",Drama,"Rated R for language, sexual content, some violence and drug use",USA,English,2000000,13800(USA),13800,92,Color,1.85:1
The Brothers Solomon (2007)            ,"5.3 based on 9,504 user ratings",2007-09-07,Bob Odenkirk,"Will Arnett,Will Forte,Jenna Fischer",32,46 user,51 critic,NA,"phd,neighbor,antarctica,pregnancy,coma",Comedy,Rated R for language and sexual content,USA,English,10000000,508601(USA),900926,93,Color,1.85:1
Pigs (2007)            ,"4.7 based on 3,182 user ratings",2007-11-05,Karl DiPelino,"Jefferson Brown,Darryn Lucio,Christopher Elliott",NA,13 user,5 critic,NA,"alphabet,caught-masturbating,masturbation,woman-with-glasses,woman-on-top",Comedy,"Rated R for pervasive crude and sexual content, language and brief nudity",Canada,English,NA,NA,NA,85,Color,2.35:1
Blonde and Blonder (2007)            ,"2.9 based on 3,086 user ratings",2008-01-18,NA,NA,NA,16 user,11 critic,NA,"strip-club,blonde,blonde-bombshell,flying-lesson,female-protagonist","Comedy,Crime","Rated PG-13 for crude and sexual material, including suggestive dialogue",Canada,English,8000000,26815(USA),42183,95,Color,1.85:1
How She Move (2007)            ,"3.3 based on 4,595 user ratings",2008-01-25,Ian Iqbal Rashid,"Rutina Wesley,Tre Armstrong,Brennan Gademans",63,18 user,62 critic,NA,"step-dancing,dance,teenager,loss-of-sister,dance-contest",Drama,"Rated PG-13 for some drug content, suggestive material and language","Canada,USA,France",English,NA,3957471(USA),7070459,NA,Color,1.85:1
Moving McAllister (2007)            ,"5.3 based on 3,379 user ratings",2007-09-14,Andrew Black,"Benjamin Gourley,Mila Kunis,Jon Heder",NA,17 user,8 critic,NA,"road-trip,van,female-stockinged-soles,female-stockinged-feet,female-stockinged-legs","Adventure,Comedy,Romance","Rated PG-13 for some drug content, sexual references and crude humor",USA,English,NA,28665(USA),42200,NA,Color,2.35:1
Kali Ma (2007)            ,5.7 based on 326 user ratings,2007-05-25,NA,NA,NA,3 user,3 critic,NA,"indian,vigilante,sari,high-school,homophobia","Short,Thriller",NA,"USA,India","English,Hindi",NA,NA,NA,NA,Color,1.85:1
Black Metal: A Documentary (2007)            ,6.2 based on 79 user ratings,2007-04-24,Bill Zebub,"Cronos,Enslaved,Fenriz",NA,NA,1 critic,NA,black-metal,Documentary,NA,USA,English,NA,NA,NA,NA,Color,1.33:1
Jack and Jill vs. the World (2008)            ,"5.6 based on 2,562 user ratings",2010-10-22,NA,NA,NA,19 user,10 critic,NA,"cystic-fibrosis,versus-in-title,period-in-title,character-name-in-title","Comedy,Drama,Romance",Rated PG-13 for sexual content and brief strong language,"USA,Canada",English,4000000,NA,NA,NA,Color,1.85:1
Alex Rider: Operation Stormbreaker (2006)            ,"5.1 based on 20,183 user ratings",2006-10-13,Geoffrey Sax,"Alex Pettyfer,Mickey Rourke,Sophie Okonedo",42,187 user,66 critic,2,"spy,gadget,training,14-year-old,british","Action,Adventure,Family,Thriller",Rated PG for sequences of action violence and some peril,"Germany,USA,UK",English,40000000,£1244892(UK),652526,93,Color,2.35:1
Noëlle (2007)            ,5.9 based on 253 user ratings,2007-12-07,NA,NA,NA,16 user,5 critic,NA,christmas,Drama,Rated PG for thematic elements and a fight,USA,English,NA,165445(USA),242924,90,Color,1.85:1
Slipstream (2007)            ,"5.1 based on 4,171 user ratings",2008-04-11,Anthony Hopkins,"Anthony Hopkins,Stella Arroyave,Christian Slater",47,55 user,44 critic,NA,"screenwriter,dream,murder,aging,actor","Comedy,Drama,Fantasy,Mystery",Rated R for language and some violent images,USA,English,NA,6273(USA),6273,96,Color,2.35:1
Headless Horseman (2007)            ,3.8 based on 828 user ratings,2007-10-27,Anthony C. Ferrante,"Billy Aaron Brown,Rebecca Mozo,Richard Moll",NA,18 user,13 critic,NA,NA,Horror,Rated R for violence and gore,"USA,Romania",English,NA,NA,NA,87,Color,NA
Spin (2007)            ,6.1 based on 663 user ratings,2007-01-26,NA,NA,NA,5 user,2 critic,NA,"club,alternate-timeline,stray-dog,nonlinear-timeline,sex","Comedy,Romance","Rated R for pervasive language, some sexual content and drug material",USA,English,5000000,NA,NA,90,Color,NA
Strange Wilderness (2008)            ,"5.3 based on 18,541 user ratings",2008-02-01,Fred Wolf,"Steve Zahn,Allen Covert,Justin Long",12,120 user,58 critic,NA,"critically-bashed,bigfoot,tv-show,friend,ecuador","Adventure,Comedy","Rated R for non-stop language, drug use, crude and sexual humor",USA,English,20000000,3001719(USA),6563357,NA,Color,2.35:1
Yellow (2006)            ,5.2 based on 833 user ratings,2007-06-07,Alfredo Rodriguez de Villa,"Roselyn Sanchez,Bill Duke,D.B. Sweeney",NA,7 user,6 critic,NA,"puerto-rico,dancer,ballet,pizza-delivery,one-word-title","Drama,Music,Romance","Rated R for sexuality, nudity and language","Puerto Rico,USA","English,Spanish",7000000,NA,NA,NA,Color,2.35:1
One Rat Short (2006)            ,7.4 based on 511 user ratings,2006-06-28,NA,NA,NA,7 user,2 critic,NA,"rat,snack,camera,barcode,injection","Animation,Short",NA,USA,NA,NA,NA,NA,10,Color,NA
Planet B-Boy (2007)            ,7.8 based on 913 user ratings,2008-03-21,Benson Lee,"Mr. Freeze,Luis Mateo,Skwall",63,5 user,32 critic,NA,"b-boy,dance,breakdancing,international,hip-hop","Documentary,History,Music",NA,USA,English,NA,NA,NA,NA,Color,1.78:1
The Apocalypse (2007)            ,"1.8 based on 2,504 user ratings",2011-09-22,NA,NA,NA,30 user,3 critic,NA,"faith,disaster,asteroid,tornado,suicide","Adventure,Drama,Sci-Fi",NA,USA,English,1000000,NA,NA,94,Color,2.35:1
Tom Petty and the Heartbreakers: Runnin' Down a Dream (2007)            ,"8.7 based on 1,059 user ratings",2007-10-14,NA,NA,NA,18 user,3 critic,NA,"rock-star,rock-music,rock-concert,rock-band,musician","Documentary,Music",NA,USA,English,NA,NA,NA,239, Black and White,NA
August Underground's Penance (2007)            ,"3.9 based on 1,037 user ratings",2007-03-30,NA,NA,NA,16 user,20 critic,NA,"child-strangling,child-murder,murder-of-family,christmas,home-invasion",Horror,NA,USA,English,5000,NA,NA,NA,Color,1.85:1
Sleeping Dogs Lie (2006)            ,"5.9 based on 2,744 user ratings",2007-02-21,Bobcat Goldthwait,"Melinda Page Hamilton,Bryce Johnson,Brian Posehn",63,35 user,54 critic,NA,"secret,bestiality,human-arouses-animal,porn-magazine,gun","Comedy,Drama,Romance","Rated R for strong and aberrant sexual content, drug use and language",USA,English,NA,10890(USA),10890,87,Color,1.85:1
Kickin' It Old Skool (2007)            ,"4.6 based on 6,218 user ratings",2007-04-27,Harvey Glazer,"Jamie Kennedy,Maria Menounos,Miguel A. Núñez Jr.",18,37 user,40 critic,NA,"talent-show,coma,shopping-mall,hip-hop,dance",Comedy,Rated PG-13 for crude and sexual content and language,"USA,Canada",English,NA,2541419(USA),4500147,NA,Color,2.35:1
Night Skies (2007)            ,"4.7 based on 2,244 user ratings",2007-01-23,Roy Knyrim,"Jason Connery,A.J. Cook,George Stults",NA,42 user,13 critic,NA,"stranded,ufo,phoenix-lights,mercy-killing,foot-chase","Horror,Sci-Fi,Thriller","Rated R for violence, disturbing images and language",USA,English,NA,NA,NA,85,Color,1.85:1
The Grand (2007)            ,"6.0 based on 4,952 user ratings",2007-06-07,Zak Penn,"Woody Harrelson,David Cross,Dennis Farina",57,36 user,53 critic,NA,"poker-tournament,improvisational-comedy,poker,rehab,poker-player",Comedy,Rated R for language and some drug content,USA,English,5400000,16454(USA),114669,104,Color,1.85:1
Sympathy (2007)            ,5.2 based on 344 user ratings,2007-04-13,NA,NA,NA,15 user,49 critic,NA,"motel,woman-hostage,handcuffs,held-hostage,handcuffed-to-a-bed","Drama,Horror,Mystery,Thriller",NA,USA,English,NA,NA,NA,NA,Color,NA
The Attic (2007)            ,"3.5 based on 1,347 user ratings",2008-01-15,Mary Lambert,"Elisabeth Moss,Catherine Mary Stewart,John Savage",NA,25 user,18 critic,NA,"attic,twin,doppelganger,title-directed-by-female","Horror,Thriller",Rated R for violence and language,USA,English,700000,NA,NA,88,Color,NA
My Name Is Bruce (2007)            ,"6.3 based on 21,362 user ratings",2007-04-13,Bruce Campbell,"Bruce Campbell,Grace Thorsen,Taylor Sharpe",36,88 user,100 critic,NA,"demon,b-movie,small-town,chinese,birthday","Comedy,Fantasy",Rated R for language and some violence,USA,English,1500000,16432(USA),173066,84,Color,1.85:1
BloodRayne II: Deliverance (2007)            ,"2.6 based on 8,149 user ratings",2008-07-24,Uwe Boll,"Natassia Malthe,Zack Ward,Michael Paré",NA,72 user,41 critic,NA,"returning-character-with-different-actor,leather-pants,historic-figures-as-characters,direct-to-video-sequel-to-theatrical-movie,vampire","Action,Fantasy,Western",Rated R for violence and language,"Canada,Germany",English,10000000,NA,NA,99,Color,1.85:1
Mickey's Great Clubhouse Hunt (2007)            ,6.7 based on 46 user ratings,2007-03-20,"Victor Cook,Rob LaDuca","Tony Anselmo,Russi Taylor,Wayne Allwine",NA,NA,5 critic,NA,"easter,surrealism,goofy-the-character,based-on-tv-series,balloon","Animation,Family",NA,USA,English,NA,NA,NA,48,Color,NA
Babylon 5: The Lost Tales (2007)            ,"6.5 based on 3,291 user ratings",2007-07-31,"J. Michael Straczynski,Sara Barnes","Bruce Boxleitner,Tracy Scoggins,Peter Woodward",NA,61 user,7 critic,NA,"space-opera,23rd-century,babylon-babylonia,cult-film,number-in-title","Action,Adventure,Sci-Fi",NA,"USA,Canada",English,NA,NA,NA,NA,Color,1.78:1
Black Water (2007)            ,"6.0 based on 9,508 user ratings",2008-04-24,"David Nerlich,Andrew Traucki","Diana Glenn,Maeve Dermody,Andy Rodoreda",NA,89 user,82 critic,NA,"boat,water,crocodile,rescue,vacation","Action,Drama,Horror,Thriller",Rated R for terror/violence and language,Australia,English,700000,NA,NA,90,Color,NA
I Am Omega (2007)            ,"3.3 based on 2,730 user ratings",2007-11-18,NA,NA,NA,41 user,32 critic,NA,"zombie,survival-horror,post-apocalypse,block-blunder,nunchaku","Action,Horror,Sci-Fi,Thriller",NA,USA,English,NA,NA,NA,91,Color,1.85:1
Lynch (2007)            ,6.8 based on 656 user ratings,2007-10-26,NA,NA,67,10 user,14 critic,NA,"one-word-title,cult-director",Documentary,NA,USA,English,NA,NA,NA,NA,Color,1.66:1
Thr3e (2006)            ,"5.1 based on 4,052 user ratings",2007-01-05,Robby Henson,"Marc Blucas,Justine Waddell,Laura Jordan",34,90 user,25 critic,NA,"riddle,number,stalking,flash-forward,bound-with-duct-tape","Drama,Horror,Mystery,Thriller","Rated PG-13 for violence, disturbing images and terror","Poland,USA,UK",English,2400000,675000(USA),978908,NA,Color,2.35:1
Brain Dead (2007)            ,5.3 based on 909 user ratings,2007-10-17,Kevin Tenney,"Joshua Benton,Sarah Grant Brendecke,David Crane",NA,19 user,54 critic,NA,"shower,religious-hypocrisy,sociopath,lesbian,girl-fight",Horror,NA,USA,English,NA,NA,NA,NA,Color,NA
Beef 4 (2007)            ,5.8 based on 139 user ratings,2007-09-18,NA,NA,NA,2 user,NA,NA,"hip-hop,fight,rap",Documentary,NA,USA,English,NA,NA,NA,NA,Color,NA
AVH: Alien vs. Hunter (2007)            ,"1.5 based on 3,302 user ratings",2007-12-18,NA,NA,NA,52 user,13 critic,NA,"xenomorph,monster-versus-monster,giant-spider,splatter,gore","Action,Horror,Sci-Fi,Thriller",NA,USA,English,500000,NA,NA,85,Color,2.35:1
Buried Alive (2007)            ,"4.0 based on 1,781 user ratings",2008-10-08,NA,NA,NA,33 user,26 critic,NA,"prank,breasts,white-panties,panties,casual-sex",Horror,NA,USA,English,NA,NA,NA,94,Color,NA
Smother (2007)            ,"4.7 based on 2,342 user ratings",2008-04-30,Vince Di Meglio,"Dax Shepard,Liv Tyler,Diane Keaton",36,12 user,19 critic,NA,"woman-with-glasses,sex-scene,sex-comedy,slapstick-comedy,physical-comedy","Comedy,Drama","Rated PG-13 for crude and sexual content, some drug material and language",USA,English,8000000,NA,NA,NA,Color,1.85:1
Notes on a Scandal (2006)            ,"7.4 based on 64,567 user ratings",2007-01-26,Richard Eyre,"Cate Blanchett,Judi Dench,Andrew Simpson",73,281 user,219 critic,4,"age-difference,teacher,student,school,writing","Crime,Drama,Romance,Thriller",Rated R for language and some aberrant sexual content,UK,"English,French",15000000,5090(USA),17508670,92,Color,1.85:1
Nobody (2007)            ,4.6 based on 383 user ratings,2007-07-28,NA,NA,NA,17 user,3 critic,NA,"repetition,nihilism,neo-noir,murder,mixed-identity","Crime,Horror,Mystery,Sci-Fi",NA,Canada,English,NA,NA,NA,88,Color,NA
Already Dead (2007)            ,"5.7 based on 1,817 user ratings",2008-07-23,Joe Otting,"Ron Eldard,Til Schweiger,Patrick Kilpatrick",NA,17 user,7 critic,NA,"grief,death,murder,trauma,flashback","Action,Crime,Thriller",Rated R for violence and language,USA,English,2500000,NA,NA,93,Color,2.35:1
Already Dead (2007)            ,"5.7 based on 1,817 user ratings",2008-07-23,Joe Otting,"Ron Eldard,Til Schweiger,Patrick Kilpatrick",NA,17 user,7 critic,NA,"grief,death,murder,trauma,flashback","Action,Crime,Thriller",Rated R for violence and language,USA,English,2500000,NA,NA,93,Color,2.35:1
Jimmy Carter Man from Plains (2007)            ,7.0 based on 749 user ratings,2008-08-15,Jonathan Demme,"Jimmy Carter,Rosalynn Carter,Lillian Carter",58,11 user,51 critic,NA,"washington-d.c.,baptist,u.s.-president,palestine,travel","Documentary,Biography,History",Rated PG for some thematic elements and brief disturbing images,USA,English,NA,10413(USA),108282,120,Color,1.85:1
Believers (2007)            ,"5.2 based on 2,029 user ratings",2007-10-16,Daniel Myrick,"Johnny Messner,Jon Huertas,Daniel Benzali",NA,28 user,27 critic,NA,"cult-leader,formula,shower,doctor,equation","Horror,Mystery,Thriller",Rated R for language,USA,English,1800000,NA,NA,NA,Color,1.78:1
Automaton Transfusion (2006)            ,"3.8 based on 2,063 user ratings",2008-05-19,Steven C. Miller,"Garrett Jones,Juliet Reeves London,William Howard Bowman",NA,75 user,52 critic,NA,"bare-breasts,survival-horror,splatter,no-ending,cliffhanger",Horror,NA,USA,English,50000,NA,NA,75,Color,2.35:1
Urban Justice (2007)            ,"5.4 based on 4,313 user ratings",2007-11-13,Don E. FauntLeRoy,"Steven Seagal,Eddie Griffin,Carmen Serano",NA,55 user,29 critic,NA,"murder,revenge,modern-western,landlady,helicopter","Action,Crime,Thriller","Rated R for strong violence, pervasive language and some drug content",USA,English,12000000,NA,NA,96,Color,1.78:1
Notorious B.I.G. Bigger Than Life (2007)            ,7.0 based on 235 user ratings,2007-09-11,NA,NA,NA,3 user,NA,NA,"acronym-in-title,character-name-in-title",Documentary,NA,USA,English,NA,NA,NA,101,Color,NA
"30,000 Leagues Under the Sea (2007)            ","3.0 based on 1,373 user ratings",2007-09-09,NA,NA,NA,51 user,12 critic,NA,"madman,beretta,shooting,pistol,suspense","Action,Sci-Fi",NA,USA,English,500000,NA,NA,86,Color,1.78:1
The Alps (2007)            ,7.0 based on 294 user ratings,2008-06-11,Stephen Judson,"Michael Gambon,Adele Hammond,John Harlin III",NA,4 user,7 critic,NA,"switzerland,death,imax,snow,reenactment","Documentary,Adventure",NA,USA,English,NA,NA,NA,45,Color,1.44:1
Prism (2007)            ,4.8 based on 98 user ratings,2007-02-28,NA,NA,NA,3 user,2 critic,NA,"produced-by-director,written-by-director,one-word-title,philosophy,goodness","Drama,Mystery,Sci-Fi,Thriller",Rated R for some violence and sexual references,USA,English,100000,NA,NA,117,Color,1.78:1
Dark Mirror (2007)            ,"4.8 based on 1,113 user ratings",2007-07-27,Pablo Proenza,"Lisa Vidal,David Chisum,Joshua Pelegrin",NA,16 user,31 critic,NA,NA,"Horror,Thriller",NA,USA,English,1000000,NA,NA,NA,Color,NA
The Strangers (2008)            ,"6.2 based on 91,908 user ratings",2008-05-30,Bryan Bertino,"Scott Speedman,Liv Tyler,Gemma Ward",47,683 user,275 critic,1,"fear,stranger,wedding-reception,scene-of-the-crime,masked-intruder","Horror,Mystery,Thriller",Rated R for violence/terror and language,USA,English,10000000,20997985(USA),52534295,86,Color,2.35:1
Death Row (2007)            ,4.7 based on 544 user ratings,2007-02-06,"Eduardo Quiroz,Jose Quiroz","Joe Estevez,Todd Bridges,Elias Castillo",NA,3 user,4 critic,NA,"psychopath,all-male-cast,death-row,murder,prison","Horror,Thriller",NA,USA,English,NA,NA,NA,85,Color,1.85:1
Razortooth (2007)            ,4.0 based on 732 user ratings,2009-06-02,NA,NA,NA,22 user,17 critic,NA,"eel,swamp,violence,torn-in-half,pest-control","Horror,Thriller",Rated R for bloody creature attacks and gore,USA,English,3000000,NA,NA,NA,Color,NA
Aaah! Zombies!! (2007)            ,"5.7 based on 2,520 user ratings",2013-01-01,Matthew Kohnen,"Matthew Davis,Julianna Robinson,Michael Grant Terry",NA,30 user,69 critic,NA,"zombie,amazing-grace-hymn,disembodied-head,disembodied-hand,parody","Comedy,Horror",NA,USA,English,1000000,NA,NA,87,Color,1.78:1
The Tomb (2007)            ,1.4 based on 985 user ratings,2007-06-19,NA,NA,NA,37 user,14 critic,NA,"torture,tomb,violence,no-budget,murder","Drama,Horror,Thriller","Rated R for strong grisly violence and disturbing images, nudity , language, and brief sexuality",USA,English,NA,NA,NA,81,Color,1.78:1
Nightmare City 2035 (2007)            ,3.7 based on 671 user ratings,2007-12-07,NA,NA,NA,7 user,2 critic,NA,number-in-title,"Action,Sci-Fi",Rated R for some violent content,"Bulgaria,USA",English,NA,NA,NA,NA,Color,NA
Heavy Petting (2007)            ,4.5 based on 946 user ratings,2008-07-15,NA,NA,NA,4 user,7 critic,NA,"dog,nipples-visible-through-clothing,voyeurism,voyeur,sexual-attraction",Comedy,Rated R for some language,USA,English,2800000,NA,NA,94,Color,NA
Robotech: The Shadow Chronicles (2006)            ,"6.5 based on 1,306 user ratings",2007-01-05,"Dong-Wook Lee,Tommy Yune","Richard Epcar,Eddie Frierson,Mark Hamill",NA,45 user,26 critic,NA,"giant-robot,fictional-war,human-versus-alien,transforming-robot,space-war","Animation,Action,Adventure,Sci-Fi","Rated PG for sci-fi action violence, language and some senusality",USA,English,NA,NA,NA,88,Color,1.78:1
Kaw (2007)            ,"4.3 based on 1,952 user ratings",2007-04-07,Sheldon Wilson,"Sean Patrick Flanery,Stephen McHattie,Kristin Booth",NA,43 user,45 critic,NA,"raven,animal-attack,bird-attack,small-town,sheriff","Horror,Sci-Fi,Thriller",Rated R for some gory images,"USA,Canada",English,NA,NA,NA,85,Color,NA
Time After Time (1979)            ,"7.2 based on 11,550 user ratings",1979-08-31,NA,NA,NA,108 user,63 critic,NA,"time-machine,jack-the-ripper,h.g.-wells,friend,key","Adventure,Drama,Sci-Fi,Thriller",NA,USA,English,NA,NA,NA,112,Color,2.35:1
El arca (2007)            ,5.4 based on 259 user ratings,2007-07-05,Juan Pablo Buscarini,"Juan Carlos Mesa,Jorge Guinzburg,Mariana Fabbiani",NA,2 user,10 critic,NA,"noah,ark,family-relationships","Animation,Adventure,Family,Fantasy,Musical",NA,"Argentina,Italy",Spanish,NA,NA,NA,NA,Color,1.85:1
Supercroc (2007)            ,2.0 based on 853 user ratings,2007-04-03,NA,NA,NA,19 user,16 critic,NA,"city,soldier,crocodile,giant-crocodile,creature-feature","Action,Horror,Sci-Fi",NA,USA,English,200000,NA,NA,85,Color,2.35:1
Hallowed Ground (2007)            ,"4.5 based on 1,204 user ratings",2007-10-09,NA,NA,NA,21 user,23 critic,NA,"small-town,preacher,evil-man,lifting-someone-into-the-air,child","Horror,Thriller",NA,USA,English,1500000,NA,NA,83,Color,NA
"War, Inc. (2008)            ","5.7 based on 19,998 user ratings",2008-06-13,Joshua Seftel,"John Cusack,Marisa Tomei,Hilary Duff",37,112 user,79 critic,NA,"corporation,satire,reporter,assassin,pop-star","Action,Comedy,Thriller","Rated R for violence, language and brief sexual material",USA,"English,Hungarian",10000000,45714(USA),578527,107,Color,1.78:1
Toxic (2008)            ,4.0 based on 806 user ratings,2008-07-08,NA,NA,NA,5 user,10 critic,NA,"stripper,prostitute,murder,hitman,one-word-title","Drama,Thriller","Rated R for pervasive language, some violence, sexual content/nudity, and brief drug use",USA,English,3800000,NA,NA,88,Color,1.85:1
The Final Cut (2004)            ,"6.2 based on 27,027 user ratings",2004-10-15,Omar Naim,"Robin Williams,Jim Caviezel,Mira Sorvino",43,137 user,71 critic,NA,"memory,microchip,death,memory-implant,implant","Action,Sci-Fi,Thriller","Rated PG-13 for mature thematic material, some violence, sexuality and language","USA,Canada,Germany",English,NA,226296(USA),548039,95, Black and White,2.35:1
One Last Thing... (2005)            ,"6.8 based on 3,673 user ratings",2006-05-05,Alex Steyermark,"Michael Angarano,Sunny Mabrey,Cynthia Nixon",44,30 user,30 critic,NA,"wish,boy,last-wish,terminal-illness,model","Comedy,Drama","Rated R for language, some drug use and sexual content",USA,English,NA,9160(USA),9160,93,Color,1.85:1
El Cortez (2006)            ,5.5 based on 497 user ratings,2007-01-27,Stephen Purvis,"Lou Diamond Phillips,Bruce Weitz,Glenn Plummer",36,9 user,6 critic,NA,"gold-mine,male-nudity,male-frontal-nudity,male-full-frontal-nudity,neo-noir","Drama,Thriller","Rated R for language, sexuality, some violence and drug content",USA,English,NA,NA,NA,94,Color,1.85:1
Transmorphers (2007)            ,"1.7 based on 4,040 user ratings",2007-06-26,NA,NA,NA,97 user,23 critic,NA,"robot,parody,mechanical-lifeform,first-part,one-word-title","Action,Sci-Fi,Thriller",NA,USA,English,250000,NA,NA,86,Color,2.35:1
Wrestling Ernest Hemingway (1993)            ,"7.1 based on 2,437 user ratings",1993-12-17,Randa Haines,"Robert Duvall,Richard Harris,Shirley MacLaine",NA,41 user,14 critic,NA,"barber,septuagenarian,park,friendship,shaving-someone","Drama,Romance",Rated PG-13 for language,USA,English,NA,NA,231700,123,Color,1.85:1
Seed (2006)            ,"3.0 based on 6,056 user ratings",2006-11-03,NA,NA,NA,74 user,54 critic,NA,"executioner,torture,serial-murder,newspaper-clipping,sadistic-horror",Horror,NA,Canada,English,10000000,NA,NA,90,Color,1.85:1
Dead Mary (2007)            ,"4.5 based on 2,037 user ratings",2007-02-20,NA,NA,NA,44 user,40 critic,NA,"youth,tied-up,shed,rain,possession",Horror,NA,"Canada,USA",English,NA,NA,NA,NA,Color,1.85:1
Sleepwalking (2008)            ,"6.2 based on 4,907 user ratings",2008-02-14,Bill Maher,"Charlize Theron,Nick Stahl,AnnaSophia Robb",40,29 user,44 critic,NA,"road-trip,foster-care,childhood,son-murders-father,bad-mother",Drama,Rated R for language and a scene of violence,"Canada,USA",English,NA,47762(USA),168972,101,Color,1.85:1
The Golden Boys (2008)            ,6.1 based on 436 user ratings,2008-11-16,Daniel Adams,"David Carradine,Rip Torn,Bruce Dern",NA,6 user,15 critic,NA,based-on-novel,"Comedy,Romance",Rated PG for mild language and smoking,USA,English,8000000,18366(USA),184149,NA,Color,1.78:1
Red Without Blue (2007)            ,7.0 based on 424 user ratings,2007-01-19,NA,NA,NA,6 user,10 critic,NA,"identical-twins,gay,child-abandonment,disowned,rejecting-parent",Documentary,NA,USA,English,NA,NA,NA,74,Color,NA
The Ten Commandments (2007)            ,"2.9 based on 2,145 user ratings",2007-10-19,"Bill Boyce,John Stronach","Ben Kingsley,Christian Slater,Elliott Gould",25,26 user,18 critic,NA,"moses,reference-to-god,based-on-the-bible,number-in-title","Animation,Family",Rated PG for some mild peril,USA,English,10000000,478910(USA),938232,NA,Color,NA
Dead Tone (2007)            ,"4.7 based on 2,354 user ratings",2007-08-24,"Brian Hooks,Deon Taylor","Rutger Hauer,Gwendoline Yeo,Antwon Tanner",NA,36 user,25 critic,NA,"party,mansion,masturbation,male-masturbation,sex","Horror,Thriller","Rated R for pervasive strong bloody violence, language, sexual content and some drug use",USA,English,3000000,NA,NA,100,Color,2.35:1
Gabriel (2007)            ,"5.7 based on 12,231 user ratings",2007-11-15,NA,NA,NA,105 user,26 critic,NA,"purgatory,nightclub,rave,pump-action-shotgun,sketching-a-portrait","Action,Fantasy,Horror,Thriller",NA,Australia,English,AUD 200000,NA,NA,114,Color,2.35:1
The Gene Generation (2007)            ,"4.3 based on 2,262 user ratings",2007-09-27,NA,NA,NA,18 user,16 critic,NA,"cyberpunk,brother,neo-noir,female-nudity,cyber-thriller","Action,Sci-Fi","Rated R for bloody violence, sexuality/nudity and language",USA,English,2500000,NA,NA,96,Color,1.85:1
A Brush with Death (2007)            ,2.8 based on 407 user ratings,2007-03-06,NA,NA,NA,11 user,6 critic,NA,"swimming-pool,stutter,jeep,death,rural-setting",Horror,Rated R for violence and some language,USA,English,200000,NA,NA,83,Color,1.33:1
Dark Rising: Bring Your Battle Axe (2007)            ,4.6 based on 568 user ratings,2007-10-30,Andrew Cymek,"Landy Cannon,Brigitte Kingsley,Julia Schneider",NA,16 user,9 critic,NA,"lesbian,lesbianism,lesbian-sex,female-nudity,bikini","Comedy,Horror",NA,Canada,English,CAD 200000,NA,NA,NA,Color,NA
Cremaster 4 (1995)            ,6.2 based on 554 user ratings,1995-10-06,NA,NA,NA,7 user,19 critic,NA,"female-bodybuilder,independent-short,fourth-part,surrealism,art","Short,Fantasy",NA,"USA,France,UK",English,NA,NA,NA,42,Color,NA
Musallat (2007)            ,"6.3 based on 3,056 user ratings",2007-11-16,NA,NA,NA,10 user,1 critic,NA,"istanbul-turkey,berlin-germany,turkish,one-word-title,haunt","Crime,Horror,Thriller",NA,Turkey,Turkish,1500000,NA,NA,95,Color,NA
Home Sick (2007)            ,4.9 based on 471 user ratings,2007-10-06,NA,NA,NA,21 user,29 critic,NA,"white-panties,panties,evil-man,delusion,uninvited-guest",Horror,NA,USA,English,NA,NA,NA,89,Color,1.85:1
Forbidden Lie$ (2007)            ,7.9 based on 518 user ratings,2009-04-03,NA,NA,85,7 user,28 critic,NA,"scam,forbidden-love,author,con-artist,psychological-trauma","Documentary,Drama",NA,Australia,"English,Arabic",NA,NA,NA,NA,Color,NA
The Chair (2007)            ,4.3 based on 977 user ratings,2007-12-10,NA,NA,NA,17 user,25 critic,NA,"victorian-house,child-killer,tied-up,tied-up-while-barefoot,tied-feet","Drama,Horror,Thriller",Rated R for language and some violent content,Canada,English,CAD 1000000,NA,NA,89,Color,NA
Jay and Seth Versus the Apocalypse (2007)            ,5.8 based on 537 user ratings,2007-06-04,Jason Stone,"Jay Baruchel,Seth Rogen",NA,2 user,1 critic,NA,NA,"Short,Comedy",NA,USA,English,NA,NA,NA,10,Color,NA
Flight of Fury (2007)            ,"3.5 based on 3,033 user ratings",2007-02-20,Michael Keusch,"Steven Seagal,Mark Bazeley,Steve Toussaint",NA,46 user,20 critic,NA,"pilot,terrorist,bomber,street-shootout,m-16","Action,Thriller","Rated R for violence, some language and brief sexuality","UK,Romania,USA",English,12000000,NA,NA,98,Color,1.85:1
Walking Tall: The Payback (2007)            ,"4.7 based on 1,425 user ratings",2007-02-20,Tripp Reed,"Kevin Sorbo,Richard Dillard,Gail Cronauer",NA,24 user,17 critic,NA,"sheriff,violence,vigilante,murder,drugs","Action,Adventure,Crime,Drama,Thriller","Rated R for violence including a rape scene, and language",USA,English,NA,NA,NA,88,Color,1.78:1
When a Man Falls (2007)            ,"5.2 based on 1,115 user ratings",2009-03-06,Ryan Eslinger,"Dylan Baker,Stacie Bono,Timothy Hutton",NA,18 user,7 critic,NA,"kitchen,episodic-structure,bar,elevator,sneezing","Drama,Thriller",Rated R for some violent content,"Germany,Canada,USA",English,2000000,NA,NA,86,Color,2.35:1
The Take (2007)            ,"5.8 based on 1,916 user ratings",2008-04-11,Brad Furman,"John Leguizamo,Tyrese Gibson,Rosie Perez",67,30 user,16 critic,NA,"armored-truck,subjective-camera,shooting-a-police-officer,train,hit-by-a-car","Action,Crime,Drama","Rated R for violence, sexual content, language and some drug use",USA,English,800000,NA,NA,96,Color,1.85:1
Le divorce (2003)            ,"4.9 based on 9,687 user ratings",2003-08-29,James Ivory,"Kate Hudson,Naomi Watts,Stockard Channing",51,156 user,88 critic,NA,"american,french,love,sex,france","Drama,Romance,Comedy",Rated PG-13 for mature thematic elements and sexual content,USA,"English,French",NA,516834(USA),9074550,NA,Color,2.35:1
The Accidental Husband (2008)            ,"5.6 based on 18,982 user ratings",2008-02-29,Griffin Dunne,"Uma Thurman,Justina Machado,Jeffrey Dean Morgan",NA,58 user,54 critic,NA,"wedding,book,fireman,revenge,computer-hacker","Comedy,Romance",Rated PG-13 for some sexual content and brief strong language,"USA,Ireland","English,Hindi,German",NA,£703631(UK),NA,90,Color,1.85:1
Eragon (2006)            ,"5.1 based on 107,980 user ratings",2006-12-15,Stefen Fangmeier,"Ed Speleers,Sienna Guillory,Jeremy Irons",38,"1,690 user",170 critic,1,"dragon,dragon-rider,teenage-hero,sword-and-fantasy,fictional-war","Action,Adventure,Family,Fantasy","Rated PG for fantasy violence, intense battle sequences and some frightening images","USA,UK,Hungary",English,100000000,£1317687(UK),75030163,104, Black and White,2.35:1
Night at the Museum (2006)            ,"6.4 based on 233,929 user ratings",2006-12-22,Shawn Levy,"Ben Stiller,Carla Gugino,Ricky Gervais",48,444 user,179 critic,1,"museum,museum-of-natural-history,watchman,night-watchman,chaos","Action,Adventure,Comedy,Family,Fantasy","Rated PG for mild action, language and brief rude humor","USA,UK","English,Italian,Hebrew",110000000,42212651(USA),250863268,108,Color,1.85:1
Mummy Maniac (2007)            ,1.3 based on 254 user ratings,2007-07-03,NA,NA,NA,21 user,3 critic,NA,"serial-killer,truck,torture,suffocation,strangulation","Crime,Horror,Thriller","Rated R for violence, nudity and some language",USA,English,500,NA,NA,80,Color,NA
Dinosaurs Alive (2007)            ,5.7 based on 257 user ratings,2007-09-07,"David Clark,Bayley Silleck","Michael Douglas,Sterling Nesbitt,Alan H. Turner",NA,7 user,18 critic,NA,"paleontologist,gobi-desert,imax,brooding-dinosaur,campfire","Documentary,Short",NA,USA,English,NA,NA,NA,NA,Color,1.44:1
Blood Car (2007)            ,"5.5 based on 2,100 user ratings",2007-03-02,Alex Orr,"Mike Brune,Anna Chlumsky,Katie Orr",NA,31 user,94 critic,NA,"blood,wheatgrass,wheelchair,vegan,unrequited-love","Comedy,Horror",NA,USA,English,25000,NA,NA,NA,Color,NA
First Born (2007)            ,"4.7 based on 2,743 user ratings",2007-03-20,Isaac Webb,"Elisabeth Shue,Steven Mackintosh,Kathleen Chalfant",NA,59 user,12 critic,NA,"real-estate-agent,realtor,number-in-title","Drama,Horror,Mystery,Thriller",Rated PG-13 for violence/terror,USA,English,NA,NA,NA,NA,Color,NA
Jack Brooks: Monster Slayer (2007)            ,"6.0 based on 5,180 user ratings",2008-11-19,Jon Knautz,"Robert Englund,Trevor Matthews,Daniel Kash",46,46 user,95 critic,NA,"demon,vomiting,cult-film,monster-slayer,uncle","Action,Comedy,Horror","Rated R for horror violence and gore, and for language",Canada,English,CAD 2500000,NA,NA,85,Color,1.85:1
Peaceful Warrior (2006)            ,"7.3 based on 20,372 user ratings",2006-06-23,Victor Salva,"Scott Mechlowicz,Nick Nolte,Amy Smart",40,175 user,44 critic,4,"comeback,college,college-athlete,olympics,gymnast","Drama,Romance,Sport","Rated PG-13 for sensuality, sex references and accident scenes","Germany,USA",English,10000000,80602(USA),1055654,NA,Color,2.35:1
The Dukes (2007)            ,6.4 based on 383 user ratings,2008-11-14,Robert Davi,"Chazz Palminteri,Robert Davi,Peter Bogdanovich",46,22 user,19 critic,NA,"doo-wop,singer,music-group,gambling,fight","Comedy,Crime,Drama,Music",Rated PG-13 for brief sexuality and drug references,USA,English,NA,6067(USA),26157,96,Color,1.85:1
SoulMaid (2007)            ,4.1 based on 94 user ratings,2007-06-09,"Jeffrey Maccubbin,Jeffrey Thomas McHale","Tom Bailey,Becca Connolly,Joe Schenck",NA,NA,NA,NA,"homosexual,gay-man-has-sex-with-a-woman,priest,church,loud-sex",Comedy,NA,USA,English,100000,NA,NA,NA,Color,1.66:1
If I Didn't Care (2007)            ,5.3 based on 185 user ratings,2007-08-03,"Ben Cummings,Orson Cummings","Bill Sage,Susan Misner,Roy Scheider",37,2 user,11 critic,NA,NA,Mystery,NA,USA,"English,French",NA,NA,NA,NA,Color,NA
Passage to Zarahemla (2007)            ,5.2 based on 167 user ratings,2007-10-15,NA,NA,NA,3 user,1 critic,NA,"mormon,relative,earthquake,utah,hostage","Adventure,Fantasy",Rated PG-13 for violence and some drug references,USA,English,NA,123984(USA),292990,90,Color,1.85:1
The List (2007)            ,"4.1 based on 1,524 user ratings",2007-04-22,NA,NA,NA,76 user,4 critic,NA,"supernatural-power,south-carolina,lightning,praying,thunder",Thriller,Rated PG for thematic elements including some peril and brief incidental smoking,USA,English,NA,22823(USA),132863,105,Color,1.85:1
39 Pounds of Love (2005)            ,6.8 based on 237 user ratings,2005-04-08,NA,NA,56,15 user,17 critic,NA,"doctor,journey,animator,muscular-dystrophy,unrequited-love","Documentary,Biography,Romance",NA,USA,"English,Hebrew,Spanish",NA,4217(USA),28125,70,Color,NA
A Dog's Breakfast (2007)            ,"7.0 based on 3,261 user ratings",2007-03-03,NA,NA,NA,46 user,8 critic,NA,"dog,vegetarian",Comedy,NA,"Canada,USA",English,120000,NA,NA,88,Color,1.78:1
Fall Down Dead (2007)            ,4.1 based on 811 user ratings,2009-12-18,Jon Keeyes,"Dominique Swain,Mehmet Günsür,Udo Kier",NA,20 user,15 critic,NA,NA,"Horror,Thriller","Rated R for violence, grisly images, a scene of strong sexuality, some nudity and language",USA,English,1000000,NA,NA,94,Color,1.78:1
Babel (2006)            ,"7.5 based on 243,532 user ratings",2006-11-10,Alejandro G. Iñárritu,"Brad Pitt,Cate Blanchett,Gael García Bernal",69,908 user,285 critic,2,"american,mexican-border,destiny,multiple-perspectives,muslim",Drama,"Rated R for violence, some graphic nudity, sexual content, language and some drug use","France,USA,Mexico","English,Arabic,Spanish,Japanese,Berber languages,French,Russian,Japanese Sign Language",25000000,389351(USA),34300771,143,Color,1.85:1
Blind Date (1998)            ,6.0 based on 8 user ratings,1998-09-18,"Heikki Arekallio,Robert Bouvier","Caroline Cons,François Florey,Maximilian Häusler",NA,NA,NA,NA,NA,Romance,NA,Switzerland,"German,French",NA,NA,NA,93,Color,NA
Solace (2007)            ,6.5 based on 63 user ratings,2007-06-01,Michaline Babich,"Joseph Tuccio,Richard Courtney,James McCarthy",NA,1 user,1 critic,NA,"taxi,one-night-stand,jacuzzi,ice-cream,gay","Short,Drama",NA,USA,English,NA,NA,NA,NA,Color,NA
Contract Killers (2008)            ,"4.7 based on 1,059 user ratings",2011-09-29,Justin Rhodes,"Frida Farrell,Nick Mancuso,Rhett Giles",NA,13 user,7 critic,NA,"assassin,escape,trinidad,vomiting,swat-team","Action,Thriller",Rated R for some language,"USA,Trinidad and Tobago",English,1000000,NA,NA,NA,Color,1.85:1
Year of the Fish (2007)            ,6.7 based on 199 user ratings,2007-10-14,NA,NA,53,7 user,16 critic,NA,"cinderella,massage-parlor,folktale,fairy-tale,chinese","Animation,Fantasy,Romance",NA,USA,English,NA,NA,NA,NA,Color,1.85:1
Entry Level (2007)            ,5.9 based on 314 user ratings,2007-08-12,NA,NA,NA,7 user,4 critic,NA,"jobs,corporate,interview,job-interview,entry-level","Comedy,Drama",NA,USA,English,85000,NA,NA,NA,Color,NA
Attack of the Gryphon (2007)            ,"3.4 based on 1,024 user ratings",2007-01-27,Andrew Prowse,"Jonathan LaPaglia,Larry Drake,Amber Benson",NA,39 user,10 critic,NA,"gryphon,prince,civil-war,sorcerer,pike","Action,Adventure,Fantasy",Rated PG-13 for violence and some sensuality,USA,English,NA,NA,NA,89,Color,1.85:1
West 32nd (2007)            ,6.4 based on 442 user ratings,2007-11-22,Michael Kang,"John Cho,Jun Kim,Jun-ho Jeong",NA,5 user,9 critic,NA,"new-york,gangster,lawyer,koreatown,korean-american","Crime,Drama",NA,"South Korea,USA","English,Korean",2500000,NA,NA,86,Color,NA
La llorona (2007)            ,4.7 based on 6 user ratings,2007-09-04,Chris Liliedahl,"Vince Acevedo,Natalee Arteaga,Ari Kahtib",NA,NA,NA,NA,"woman-crying,death","Short,Horror",NA,USA,English,18000,NA,NA,7,Color,1.85:1
Walking Tall: Lone Justice (2007)            ,"5.0 based on 1,256 user ratings",2007-09-25,Tripp Reed,"Kevin Sorbo,Yvette Nipar,Haley Ramm",NA,19 user,9 critic,NA,"ranch,trial,prison,fbi-agent,drug-lord","Action,Crime,Drama,Thriller","Rated R for strong violence, language, drug content and brief nudity",USA,English,NA,NA,NA,NA,Color,NA
Cremaster 1 (1996)            ,6.2 based on 840 user ratings,2005-07-06,NA,NA,NA,8 user,24 critic,NA,"independent-short,first-of-series,art-film,grape,art","Short,Musical",NA,USA,English,NA,NA,NA,40,Color,NA
Date Movie (2006)            ,"2.7 based on 50,353 user ratings",2006-02-17,"Aaron Seltzer,Jason Friedberg","Alyson Hannigan,Fred Willard,Jennifer Coolidge",11,613 user,99 critic,4,"wedding-planner,overweight,greek,spoof,female-protagonist","Comedy,Romance","Rated PG-13 for continuous crude and sexual humor, including language","USA,Switzerland",English,20000000,1336871(Australia),48546578,83,Color,1.85:1
And Then Came Love (2007)            ,4.8 based on 443 user ratings,2007-06-01,Richard Schenkman,"Vanessa Williams,Kevin Daniels,Michael Boatman",NA,4 user,6 critic,NA,"sperm-donor,mediaatlarge.com,imdb,mediaatlargellc,facebook","Comedy,Romance",NA,USA,English,989000,NA,NA,NA,Color,NA
Tan Lines (2007)            ,5.3 based on 913 user ratings,2007-07-24,NA,NA,NA,17 user,8 critic,NA,"australia,summer,gay-brother,brother,gay","Drama,Romance",NA,Australia,"English,Italian",NA,NA,NA,96,Color,1.85:1
